{"cameraMode":{"drawMode":24,"name":"Light Overlap","section":"Baked Global Illumination"},"sceneLighting":true,"audioPlay":false,"sceneViewState":{"showFog":true,"showMaterialUpdate":true,"showSkybox":true,"showFlares":true,"showImageEffects":true,"showParticleSystems":true},"in2DMode":false,"pivot":{"x":0.905670166015625,"y":-0.05126953125,"z":-1.1845703125},"rotation":{"x":0.23184937238693238,"y":0.013131701387465,"z":-0.0031301516573876144,"w":0.9726592898368836},"size":10.839188575744629,"orthographic":true}