{"cameraMode":{"drawMode":0,"name":"Shaded","section":"Shading Mode"},"sceneLighting":false,"audioPlay":false,"sceneViewState":{"showFog":true,"showMaterialUpdate":false,"showSkybox":true,"showFlares":true,"showImageEffects":true,"showParticleSystems":true},"in2DMode":false,"pivot":{"x":0.0,"y":3.5953562259674074,"z":-0.009479522705078125},"rotation":{"x":0.12266306579113007,"y":0.02083982154726982,"z":-0.0025763039011508228,"w":0.9922263622283936},"size":25.414592742919923,"orthographic":false}