{"cameraMode":{"drawMode":24,"name":"Light Overlap","section":"Baked Global Illumination"},"sceneLighting":true,"audioPlay":false,"sceneViewState":{"showFog":true,"showMaterialUpdate":false,"showSkybox":true,"showFlares":true,"showImageEffects":true,"showParticleSystems":true},"in2DMode":false,"pivot":{"x":-0.44951802492141726,"y":1.9847157001495362,"z":0.6184053421020508},"rotation":{"x":0.2113693654537201,"y":0.014660476706922055,"z":-0.0031707806047052147,"w":0.9772915840148926},"size":9.641030311584473,"orthographic":false}