{"cameraMode":{"drawMode":24,"name":"Light Overlap","section":"Baked Global Illumination"},"sceneLighting":true,"audioPlay":false,"sceneViewState":{"showFog":true,"showMaterialUpdate":false,"showSkybox":true,"showFlares":true,"showImageEffects":true,"showParticleSystems":true},"in2DMode":false,"pivot":{"x":-1.2520699501037598,"y":1.4623517990112305,"z":0.46607446670532229},"rotation":{"x":0.1627608686685562,"y":-0.011839677579700947,"z":0.00195322185754776,"w":0.986592710018158},"size":3.8415653705596926,"orthographic":false}