{"cameraMode":{"drawMode":24,"name":"Light Overlap","section":"Baked Global Illumination"},"sceneLighting":true,"audioPlay":false,"sceneViewState":{"showFog":true,"showMaterialUpdate":true,"showSkybox":true,"showFlares":true,"showImageEffects":true,"showParticleSystems":true},"in2DMode":false,"pivot":{"x":-0.20975670218467713,"y":3.717806816101074,"z":0.4924182891845703},"rotation":{"x":0.05396769940853119,"y":0.014977576211094857,"z":-0.0008095763041637838,"w":0.998430073261261},"size":13.120109558105469,"orthographic":false}