{"cameraMode":{"drawMode":24,"name":"Light Overlap","section":"Baked Global Illumination"},"sceneLighting":true,"audioPlay":false,"sceneViewState":{"showFog":true,"showMaterialUpdate":false,"showSkybox":true,"showFlares":true,"showImageEffects":true,"showParticleSystems":true},"in2DMode":false,"pivot":{"x":379.78741455078127,"y":201.70101928710938,"z":-33.82171630859375},"rotation":{"x":0.08629050105810166,"y":-0.0029887387063354255,"z":0.00025882135378196836,"w":0.9962664246559143},"size":358.8033752441406,"orthographic":false}