{"cameraMode":{"drawMode":24,"name":"Light Overlap","section":"Baked Global Illumination"},"sceneLighting":true,"audioPlay":false,"sceneViewState":{"showFog":true,"showMaterialUpdate":false,"showSkybox":true,"showFlares":true,"showImageEffects":true,"showParticleSystems":true},"in2DMode":false,"pivot":{"x":385.4867858886719,"y":1089.211669921875,"z":95.48614501953125},"rotation":{"x":0.1627608686685562,"y":-0.011839677579700947,"z":0.00195322185754776,"w":0.986592710018158},"size":1040.6334228515625,"orthographic":false}