{"cameraMode":{"drawMode":24,"name":"Light Overlap","section":"Baked Global Illumination"},"sceneLighting":true,"audioPlay":false,"sceneViewState":{"showFog":true,"showMaterialUpdate":false,"showSkybox":true,"showFlares":true,"showImageEffects":true,"showParticleSystems":true},"in2DMode":false,"pivot":{"x":627.6376953125,"y":944.9413452148438,"z":-4.376220703125},"rotation":{"x":0.005398128181695938,"y":0.0059999641962349419,"z":-0.00003245559855713509,"w":0.9999690055847168},"size":1635.44775390625,"orthographic":false}