{"cameraMode":{"drawMode":24,"name":"Light Overlap","section":"Baked Global Illumination"},"sceneLighting":true,"audioPlay":false,"sceneViewState":{"showFog":true,"showMaterialUpdate":false,"showSkybox":true,"showFlares":true,"showImageEffects":true,"showParticleSystems":true},"in2DMode":false,"pivot":{"x":0.5880183577537537,"y":1.7729647159576417,"z":0.29670995473861697},"rotation":{"x":0.30123046040534975,"y":-0.010012050159275532,"z":0.003163038520142436,"w":0.9534940123558044},"size":1.2246589660644532,"orthographic":false}