{"cameraMode":{"drawMode":24,"name":"Light Overlap","section":"Baked Global Illumination"},"sceneLighting":true,"audioPlay":false,"sceneViewState":{"showFog":true,"showMaterialUpdate":false,"showSkybox":true,"showFlares":true,"showImageEffects":true,"showParticleSystems":true},"in2DMode":false,"pivot":{"x":-0.1386692225933075,"y":0.9587998390197754,"z":2.2392001152038576},"rotation":{"x":0.3542879521846771,"y":-0.033654503524303439,"z":0.012759880162775517,"w":0.9344433546066284},"size":6.927495002746582,"orthographic":false}