{"cameraMode":{"drawMode":24,"name":"Light Overlap","section":"Baked Global Illumination"},"sceneLighting":true,"audioPlay":false,"sceneViewState":{"showFog":true,"showMaterialUpdate":false,"showSkybox":true,"showFlares":true,"showImageEffects":true,"showParticleSystems":true},"in2DMode":false,"pivot":{"x":0.6863310933113098,"y":0.694003701210022,"z":-0.020004525780677797},"rotation":{"x":0.14795471727848054,"y":-0.0014834929024800659,"z":0.00022193495533429086,"w":0.9889935255050659},"size":2.9806575775146486,"orthographic":false}