{"cameraMode":{"drawMode":24,"name":"Light Overlap","section":"Baked Global Illumination"},"sceneLighting":true,"audioPlay":false,"sceneViewState":{"showFog":true,"showMaterialUpdate":false,"showSkybox":true,"showFlares":true,"showImageEffects":true,"showParticleSystems":true},"in2DMode":false,"pivot":{"x":0.29673880338668826,"y":1.3310962915420533,"z":0.5376129150390625},"rotation":{"x":0.13603737950325013,"y":0.023774482309818269,"z":-0.003265523351728916,"w":0.990413248538971},"size":6.60732889175415,"orthographic":false}