{"cameraMode":{"drawMode":24,"name":"Light Overlap","section":"Baked Global Illumination"},"sceneLighting":false,"audioPlay":false,"sceneViewState":{"showFog":true,"showMaterialUpdate":false,"showSkybox":true,"showFlares":true,"showImageEffects":true,"showParticleSystems":true},"in2DMode":false,"pivot":{"x":-2.857936382293701,"y":-0.09151452779769898,"z":-33.09393310546875},"rotation":{"x":0.30123046040534975,"y":-0.010012050159275532,"z":0.003163038520142436,"w":0.9534940123558044},"size":19.280292510986329,"orthographic":false}