{"cameraMode":{"drawMode":24,"name":"Light Overlap","section":"Baked Global Illumination"},"sceneLighting":true,"audioPlay":false,"sceneViewState":{"showFog":true,"showMaterialUpdate":false,"showSkybox":true,"showFlares":true,"showImageEffects":true,"showParticleSystems":true},"in2DMode":false,"pivot":{"x":-7.152557373046875e-7,"y":0.019999999552965165,"z":7.152557373046875e-7},"rotation":{"x":0.3197769224643707,"y":-0.00568491080775857,"z":0.0019186841091141105,"w":0.9474741220474243},"size":5.501593112945557,"orthographic":false}